NumSteps	TimeMs	Time%	TasksNum	Tasks%	Watts	
15	41729	74.3647	4753	73.8732	33.3433	
2	755	1.34548	478	7.42928	40.2352	
