NumSteps	TimeMs	Time%	TasksNum	Tasks%	Watts	
6	1317	6.10712	144	2.4	35.7915	
3	624	2.89358	89	1.48333	40.313	
