NumSteps	TimeMs	Time%	TasksNum	Tasks%	Watts	
6	1319	6.40758	143	2.38333	35.7133	
9	1824	8.86082	238	3.96667	38.4153	
