NumSteps	TimeMs	Time%	TasksNum	Tasks%	Watts	
6	1320	6.43808	143	2.38333	35.851	
5	1306	6.3698	141	2.35	35.2222	
