NumSteps	TimeMs	Time%	TasksNum	Tasks%	Watts	
6	1320	6.45351	143	2.38333	35.7083	
5	1292	6.31661	139	2.31667	35.0209	
