NumSteps	TimeMs	Time%	TasksNum	Tasks%	Watts	
6	1322	6.45035	142	2.36667	35.6215	
7	1501	7.32374	193	3.21667	39.2019	
