NumSteps	TimeMs	Time%	TasksNum	Tasks%	Watts	
7	1474	10.9885	197	3.28333	40.9129	
3	694	5.1737	97	1.61667	43.0772	
