NumSteps	TimeMs	Time%	TasksNum	Tasks%	Watts	
17	3109	20.7322	436	7.26667	41.8802	
21	3503	23.3596	539	8.98333	43.743	
