NumSteps	TimeMs	Time%	TasksNum	Tasks%	Watts	
6	814	4.09622	143	2.38333	36.7364	
3	404	2.03301	92	1.53333	40.2644	
