NumSteps	TimeMs	Time%	TasksNum	Tasks%	Watts	
5	2012	8.49878	102620	10.262	36.9731	
4	1312	5.54194	53115	5.3115	41.5633	
