NumSteps	TimeMs	Time%	TasksNum	Tasks%	Watts	
5	8612	1.00549	246	3.28131	42.9194	
5	7761	0.906135	182	2.42764	55.3643	
