NumSteps	Duration	Time%	
5	8347	1.45863	
5	14048	2.45488	
5	10068	1.75938	
