NumSteps	Duration	Time%	
7	13222	1.39261	
15	48516	5.10994	
