NumSteps	Duration	Time%	
5	10073	1.25137	
7	17591	2.18533	
