NumSteps	TimeMs	Time%	TasksNum	Tasks%	Watts	
11	1620	4.39417	1816	9.28093	45.7267	
