NumSteps	TimeMs	Time%	TasksNum	Tasks%	Watts	
6	871	5.56656	1001	5.11576	42.4206	
5	715	4.56957	762	3.89431	45.9201	
3	531	3.39362	634	3.24015	49.015	
