NumSteps	TimeMs	Time%	TasksNum	Tasks%	Watts	
5	834	5.23804	1252	6.39853	51.9429	
4	537	3.37269	584	2.98462	48.7379	
