NumSteps	TimeMs	Time%	TasksNum	Tasks%	Watts	
5	869	5.69015	1248	6.85865	51.474	
4	514	3.36564	562	3.08859	47.966	
3	538	3.52279	603	3.31392	47.3111	
