NumSteps	TimeMs	Time%	TasksNum	Tasks%	Watts	
16	1859	13.9105	2321	11.8618	52.0945	
3	545	4.07812	646	3.30148	50.8393	
