NumSteps	TimeMs	Time%	TasksNum	Tasks%	Watts	
16	1928	17.7598	2643	13.5074	55.4784	
3	495	4.55969	654	3.34236	54.0851	
