NumSteps	TimeMs	Time%	TasksNum	Tasks%	Watts	
8	1081	9.19452	1708	8.72898	65.8233	
5	797	6.77894	952	4.86533	53.9408	
