NumSteps	TimeMs	Time%	TasksNum	Tasks%	Watts	
5	815	7.29502	1321	6.75151	59.9907	
4	562	5.03043	669	3.4192	53.1994	
