NumSteps	TimeMs	Time%	TasksNum	Tasks%	Watts	
15	1996	20.6262	3002	15.3422	60.1626	
3	507	5.23923	670	3.42413	56.3717	
