NumSteps	TimeMs	Time%	TasksNum	Tasks%	Watts	
7	1023	10.8703	1692	8.64765	65.9612	
4	484	5.14292	604	3.08699	54.8863	
