NumSteps	TimeMs	Time%	TasksNum	Tasks%	Watts	
6	767	8.37336	1305	6.66939	62.9919	
3	469	5.12009	610	3.11749	55.62	
