NumSteps	TimeMs	Time%	TasksNum	Tasks%	Watts	
12	3680	5.20274	3388	2.88581	48.1023	
