NumSteps	TimeMs	Time%	TasksNum	Tasks%	Watts	
6	8172	7.77863	352	4.81994	57.2579	
3	4935	4.69745	229	3.1357	60.6442	
