NumSteps	TimeMs	Time%	TasksNum	Tasks%	Watts	
7	536	0.635252	26	0.433333	46.7877	
3	329	0.389921	11	0.183333	32.321	
1	95	0.112591	4	0.0666667	71.976	
