#Percentile	PrimaryRequired	PrimaryLossCnt	PrimaryAvg	PrimaryStddev	PrimaryLossAvg	PrimaryLossStddev	SecondaryOptimal	SecondaryAvg	SecondaryStddev	SecondaryLossAvg	SecondaryLossStddev	CalibrationStepsAvg	CalibrationStepsStddev	CalibrationTimeAvg	CalibrationTimeStddev	CalibrationTimePercAvg	CalibrationTimePercStddev	CalibrationTaksAvg	CalibrationTasksStddev	CalibrationTasksPercAvg	CalibrationTasksPercStddev	CalibrationWattsAvg	CalibrationWattsStddev	ReconfigurationTimeWorkersAvg	ReconfigurationTimeWorkersStddev	ReconfigurationTimeFrequencyAvg	ReconfigurationTimeFrequencyStddev	ReconfigurationTimeTotalAvg	ReconfigurationTimeTotalStddev
10	25.22814	0	24.22112	0.542978148363	0	0	43.296	125.6902	4.68041358856	190.304416112	10.8102678967	5.4	0.8	3393.6	368.803796076	2.704466	0.320097942549	128.0	16.0	2.133488	0.266811030612	27.71532	0.590007048771	0.001372358	0.000107029280928	0.4207056	0.0459001131964	3.220924	0.0485127025015
30	40.57802	0	39.75526	0.5772689446	0	0	19.381	82.6576	1.41266281893	326.487797327	7.28890572692	6.2	0.979795897113	2230.8	263.834341965	2.7018	0.338274509119	144.0	19.5959179423	2.400244	0.32666319178	40.13484	1.69864614867	0.001346236	0.000113471443386	0.429717	0.115956816453	3.05533	0.113531844696
50	55.9279	0	-1.387402e-07	3.25063144721e-08	0	0	13.913	65.3968	0.199302182627	370.040968878	1.43248891416	300.0	0.0	65399.2	200.148344984	100.0038	0.00183303027798	6000.0	0.0	100.0	0.0	43.03982	0.0422148978442	0.001075522	1.76964554643e-05	3.88724	0.0504342645431	4.679906	0.0512734534043
70	71.27778	0	-inf	nan	0	0	11.925	65.5684	0.248984818814	449.839832285	2.08792300893	300.0	0.0	65570.6	248.564357863	100.0034	0.0020591260282	6000.0	0.0	100.0	0.0	43.0035	0.0709411587162	0.001062064	1.26327441199e-05	3.90061	0.143920440244	4.664764	0.0679956997464
90	86.62766	0	-99.6552000918	199.310399954	0	0	10.725	65.3034	0.102179449989	508.88951049	0.952722144417	300.0	0.0	65305.6	103.611968421	100.0035	0.002683281573	6000.0	0.0	100.0	0.0	42.99672	0.030516841252	0.001061157	4.66563973749e-05	3.896256	0.0838137732357	4.69962	0.101355235287
