NumSteps	TimeMs	Time%	TasksNum	Tasks%	Watts	
5	145	0.300039	26	0.433333	47.5616	
2	82	0.169677	11	0.183333	50.1858	
