NumSteps	TimeMs	Time%	TasksNum	Tasks%	Watts	
5	145	0.710993	27	0.455005	45.07	
2	68	0.333431	12	0.202224	57.3511	
