NumSteps	TimeMs	Time%	TasksNum	Tasks%	Watts	
13	394	2.78308	64	1.06667	46.2978	
2	70	0.494455	13	0.216667	55.1014	
