NumSteps	TimeMs	Time%	TasksNum	Tasks%	Watts	
13	393	3.07247	62	1.03333	44.9297	
2	69	0.539442	13	0.216667	55.2607	
