NumSteps	TimeMs	Time%	TasksNum	Tasks%	Watts	
6	762	5.785	141	2.35	40.5799	
3	392	2.97601	95	1.58333	43.5165	
