NumSteps	TimeMs	Time%	TasksNum	Tasks%	Watts	
5	721	5.63325	141	2.35	40.0819	
3	404	3.1565	97	1.61667	43.7003	
