#Percentile	PrimaryRequired	PrimaryLossCnt	PrimaryAvg	PrimaryStddev	PrimaryLossAvg	PrimaryLossStddev	SecondaryOptimal	SecondaryAvg	SecondaryStddev	SecondaryLossAvg	SecondaryLossStddev	CalibrationStepsAvg	CalibrationStepsStddev	CalibrationTimeAvg	CalibrationTimeStddev	CalibrationTimePercAvg	CalibrationTimePercStddev	CalibrationTaksAvg	CalibrationTasksStddev	CalibrationTasksPercAvg	CalibrationTasksPercStddev	CalibrationWattsAvg	CalibrationWattsStddev	ReconfigurationTimeWorkersAvg	ReconfigurationTimeWorkersStddev	ReconfigurationTimeFrequencyAvg	ReconfigurationTimeFrequencyStddev	ReconfigurationTimeTotalAvg	ReconfigurationTimeTotalStddev
10	25.22814	0	24.05655	0.01955	0	0	138.581	123.941	0.03	10.5642187601	0.0216479892626	6.0	1.0	183.0	44.0	0.3785755	0.0911415	31.0	6.0	0.516667	0.1	48.2048	0.3048	5.406435	0.869905	0.1199878	0.0239602	8.314985	0.955195
30	40.57802	0	39.4272	0.6351	0	0	309.582	294.4085	2.3025	4.90128625049	0.743744791364	7.0	0.0	203.5	9.5	1.0002545	0.0441655	38.0	1.0	0.6369485	0.0202815	48.69075	0.29995	5.17438	0.49394	0.134515	0.000912	8.215575	0.464425
50	55.9279	0	55.8904	0.0767	0	0	431.251	432.6445	0.0875	-0.323129685496	0.0202898080236	10.0	5.0	303.5	160.5	2.151455	1.126075	51.5	25.5	0.858368	0.424962	46.9684	0.6575	6.778545	1.781455	0.169761	0.035372	9.834455	1.773545
70	71.27778	0	69.8436	1.5954	0	0	503.145	487.7265	7.1525	3.06442476821	1.42155839768	13.0	2.0	379.0	83.0	3.00872	0.60319	66.0	9.0	1.1	0.15	46.6441	0.1715	7.504105	0.847635	0.152522	0.011092	10.57697	0.81983
90	86.62766	0	83.63275	0.14515	0	0	559.441	549.472	10.217	1.78195734671	1.8262873118	6.0	1.0	168.5	20.5	1.524295	0.156455	32.5	5.5	0.5416665	0.0916665	48.94785	0.17195	5.18071	0.31044	0.1099395	0.0016795	8.052555	0.241205
