NumSteps	TimeMs	Time%	TasksNum	Tasks%	Watts	
8	11422	6.7144	504	6.72269	56.0637	
3	5272	3.09913	228	3.04122	54.2185	
