NumSteps	TimeMs	Time%	TasksNum	Tasks%	Watts	
6	8478	8.11067	372	4.96198	56.9516	
3	4953	4.7384	232	3.09457	58.7744	
