NumSteps	TimeMs	Time%	TasksNum	Tasks%	Watts	
6	1878	7.91237	104744	10.4744	41.0883	
3	1309	5.51506	54120	5.412	41.23	
