NumSteps	TimeMs	Time%	TasksNum	Tasks%	Watts	
6	879	5.4199	1225	6.26118	51.0703	
3	563	3.47145	590	3.01559	43.8878	
