NumSteps	TimeMs	Time%	TasksNum	Tasks%	Watts	
15	1772	11.9576	2102	10.7426	50.2152	
2	290	1.95695	250	1.27766	47.4199	
