NumSteps	TimeMs	Time%	TasksNum	Tasks%	Watts	
45	5369	40.8196	6978	35.6621	52.8897	
3	509	3.86984	596	3.04594	49.303	
