NumSteps	TimeMs	Time%	TasksNum	Tasks%	Watts	
8	1042	9.34529	1560	7.97261	57.5983	
6	697	6.25112	832	4.25206	52.9503	
