NumSteps	TimeMs	Time%	TasksNum	Tasks%	Watts	
7	1225	12.1143	1750	8.94363	56.168	
4	469	4.63805	571	2.91818	55.9462	
