NumSteps	TimeMs	Time%	TasksNum	Tasks%	Watts	
6	1376	1.75427	1530	1.30321	47.4892	
1	244	0.311078	412	0.350931	73.3686	
