#Percentile	PrimaryRequired	PrimaryLossCnt	PrimaryAvg	PrimaryStddev	PrimaryLossAvg	PrimaryLossStddev	SecondaryOptimal	SecondaryAvg	SecondaryStddev	SecondaryLossAvg	SecondaryLossStddev	CalibrationStepsAvg	CalibrationStepsStddev	CalibrationTimeAvg	CalibrationTimeStddev	CalibrationTimePercAvg	CalibrationTimePercStddev	CalibrationTaksAvg	CalibrationTasksStddev	CalibrationTasksPercAvg	CalibrationTasksPercStddev	CalibrationWattsAvg	CalibrationWattsStddev	ReconfigurationTimeWorkersAvg	ReconfigurationTimeWorkersStddev	ReconfigurationTimeFrequencyAvg	ReconfigurationTimeFrequencyStddev	ReconfigurationTimeTotalAvg	ReconfigurationTimeTotalStddev
10	26.22168	0	24.7502	0.1008	0	0	18529.8	15830.2	80.8	14.5689645868	0.436054355687	5.0	0.0	973.0	2.0	1.57678	0.00483	38561.5	63.5	3.85615	0.00635	44.63305	0.22085	0.484472	0.092366	0.1129605	0.0307285	3.316305	0.190755
30	43.06264	0	41.3006	0.0392	0	0	48297.5	47294.65	20.45	2.07640147006	0.0423417361147	6.0	1.0	1154.0	190.0	5.426305	0.897505	48640.0	10178.0	4.864	1.0178	46.46175	0.54725	0.623587	0.134534	0.1310725	0.0168675	3.563205	0.134555
50	59.9036	0	56.2894	0.0331	0	0	71911.4	70201.2	42.5	2.37820429028	0.0591005042316	5.0	0.0	967.5	0.5	6.59892	0.00769	38665.0	120.0	3.8665	0.012	45.1838	0.4599	0.6421775	0.1148205	0.1693895	0.0472565	3.612475	0.109295
70	76.74456	0	75.99445	0.03635	0	0	91074.7	91017.95	52.65	0.0623114871638	0.0578096880912	5.0	0.0	960.0	3.0	8.331175	0.028205	38578.0	10.0	3.8578	0.001	45.1915	0.3072	1.4866795	1.0639405	0.134751	0.029489	4.286005	1.132015
90	93.58552	0	87.65885	1.51915	0	0	110314.0	104874.5	774.5	4.93092445202	0.702086770492	6.0	1.0	1154.5	187.5	11.283575	1.807825	48549.5	10227.5	4.85495	1.02275	46.4763	0.7425	0.3882405	0.0371175	0.10492135	0.00516165	3.18082	0.00774
