NumSteps	TimeMs	Time%	TasksNum	Tasks%	Watts	
15	59282	78.4797	4988	77.011	28.9695	
2	710	0.939924	491	7.58067	39.9626	
