NumSteps	TimeMs	Time%	TasksNum	Tasks%	Watts	
13	66106	65.3887	4552	72.5997	26.6874	
3	1017	1.00596	498	7.94258	39.9666	
