NumSteps	TimeMs	Time%	TasksNum	Tasks%	Watts	
13	76819	59.8265	4466	71.1827	25.2668	
3	1000	0.778798	505	8.04909	39.7506	
