NumSteps	TimeMs	Time%	TasksNum	Tasks%	Watts	
17	133243	79.6555	5083	81.0686	23.2451	
3	919	0.549398	465	7.41627	39.2736	
