NumSteps	TimeMs	Time%	TasksNum	Tasks%	Watts	
13	84960	61.9405	4457	71.0845	24.4996	
3	1040	0.758216	520	8.29346	39.9109	
