NumSteps	TimeMs	Time%	TasksNum	Tasks%	Watts	
6	2868	4.85534	1320	6.74605	32.572	
3	1308	2.21436	882	4.50759	37.3421	
