NumSteps	TimeMs	Time%	TasksNum	Tasks%	Watts	
7	3587	5.57498	1760	9.10078	33.3387	
5	2659	4.13267	1323	6.8411	31.5841	
