NumSteps	TimeMs	Time%	TasksNum	Tasks%	Watts	
6	2923	4.60003	1327	6.78183	31.5558	
4	1535	2.41569	887	4.53314	34.6945	
