NumSteps	TimeMs	Time%	TasksNum	Tasks%	Watts	
6	3014	4.23713	85624	8.5624	31.3266	
3	1973	2.77368	43887	4.3887	36.6785	
