NumSteps	TimeMs	Time%	TasksNum	Tasks%	Watts	
5	2516	8.81971	98134	9.8134	39.6447	
3	1859	6.51663	49217	4.9217	40.8433	
