NumSteps	TimeMs	Time%	TasksNum	Tasks%	Watts	
5	2444	8.63269	99786	9.9786	41.1978	
3	1864	6.58401	51333	5.1333	41.4036	
