NumSteps	TimeMs	Time%	TasksNum	Tasks%	Watts	
5	8892	1.03494	251	3.36056	43.1096	
5	8096	0.942296	183	2.45013	55.167	
