NumSteps	TimeMs	Time%	TasksNum	Tasks%	Watts	
5	1607	0.526792	1348	1.14819	49.5244	
3	923	0.302569	802	0.683123	50.0436	
