NumSteps	TimeMs	Time%	TasksNum	Tasks%	Watts	
8	2597	7.13462	1760	8.99474	40.9584	
5	1951	5.35989	1334	6.8176	37.073	
