NumSteps	TimeMs	Time%	TasksNum	Tasks%	Watts	
8	2494	2.23677	2119	1.80491	46.8192	
3	796	0.713901	887	0.755524	53.1172	
