NumSteps	TimeMs	Time%	TasksNum	Tasks%	Watts	
12	3357	16.8018	2640	13.4921	47.076	
6	1463	7.32232	1329	6.79205	46.1512	
