NumSteps	TimeMs	Time%	TasksNum	Tasks%	Watts	
8	2395	12.4325	1760	8.99474	41.8734	
4	869	4.511	881	4.50248	49.0071	
3	846	4.39161	888	4.53825	47.4076	
