NumSteps	TimeMs	Time%	TasksNum	Tasks%	Watts	
10	2629	17.8807	2200	11.2434	47.1268	
4	784	5.33225	906	4.63024	52.4707	
