NumSteps	TimeMs	Time%	TasksNum	Tasks%	Watts	
3	1033	6.86379	880	4.49737	47.9368	
5	1491	9.90698	1322	6.75627	46.3925	
