NumSteps	TimeMs	Time%	TasksNum	Tasks%	Watts	
7	2026	2.73965	2017	1.71803	50.2799	
5	1563	2.11356	1273	1.08431	43.7766	
