NumSteps	TimeMs	Time%	TasksNum	Tasks%	Watts	
7	2322	17.7293	1760	8.99474	46.9764	
6	1362	10.3993	1323	6.76138	50.2129	
