NumSteps	TimeMs	Time%	TasksNum	Tasks%	Watts	
7	3407	24.3062	1760	8.99474	34.251	
3	779	5.55754	883	4.5127	54.8656	
