NumSteps	TimeMs	Time%	TasksNum	Tasks%	Watts	
6	1853	3.0406	1560	1.32877	45.6009	
2	619	1.01572	517	0.440367	52.2327	
