NumSteps	TimeMs	Time%	TasksNum	Tasks%	Watts	
7	2181	3.63858	1976	1.68311	50.2782	
4	1235	2.06036	1168	0.994872	49.8248	
