NumSteps	TimeMs	Time%	TasksNum	Tasks%	Watts	
7	3160	25.2195	1760	8.99474	39.2039	
3	775	6.18516	881	4.50248	55.0045	
