NumSteps	TimeMs	Time%	TasksNum	Tasks%	Watts	
10	2615	22.1573	2200	11.2434	50.7733	
3	789	6.68531	884	4.51781	53.7118	
