NumSteps	TimeMs	Time%	TasksNum	Tasks%	Watts	
9	1913	5.03368	1539	7.86528	45.6259	
3	738	1.9419	427	2.18225	42.4325	
