NumSteps	TimeMs	Time%	TasksNum	Tasks%	Watts	
7	1446	2.54148	1288	6.58251	49.5357	
5	1040	1.8279	546	2.79041	38.31	
