NumSteps	TimeMs	Time%	TasksNum	Tasks%	Watts	
10	1940	3.51277	1444	7.37977	43.2606	
5	1054	1.90849	571	2.91818	37.9846	
