NumSteps	TimeMs	Time%	TasksNum	Tasks%	Watts	
12	2161	4.61851	1732	8.85209	44.3379	
5	928	1.98333	539	2.75478	41.4763	
