NumSteps	TimeMs	Time%	TasksNum	Tasks%	Watts	
7	1601	4.71326	1393	7.11913	46.7198	
5	989	2.91156	539	2.75464	39.9753	
