NumSteps	TimeMs	Time%	TasksNum	Tasks%	Watts	
13	1983	13.0744	1909	9.75672	52.7006	
3	713	4.701	479	2.44812	46.8869	
