NumSteps	TimeMs	Time%	TasksNum	Tasks%	Watts	
11	1584	4.32173	1829	9.34833	46.7578	
