NumSteps	TimeMs	Time%	TasksNum	Tasks%	Watts	
11	1530	3.49467	1803	9.21544	46.2466	
