NumSteps	TimeMs	Time%	TasksNum	Tasks%	Watts	
13	1773	4.73368	1785	9.12343	41.1708	
