NumSteps	TimeMs	Time%	TasksNum	Tasks%	Watts	
10	1322	6.34692	1890	9.65961	52.7101	
