NumSteps	TimeMs	Time%	TasksNum	Tasks%	Watts	
14	1501	9.89649	1910	9.76133	54.0199	
