NumSteps	TimeMs	Time%	TasksNum	Tasks%	Watts	
11	1501	2.05369	1703	8.70387	45.8376	
