NumSteps	TimeMs	Time%	TasksNum	Tasks%	Watts	
11	1118	6.50832	1770	9.62009	53.3888	
