NumSteps	Duration	Time%	
27	77357	19.7598	
8	18535	4.73451	
6	13620	3.47904	
6	14182	3.6226	
33	94950	24.2537	
5	10154	2.5937	
