NumSteps	TimeMs	Time%	TasksNum	Tasks%	Watts	
5	10590	7.61476	268	3.607	42.6473	
1	2185	1.57113	66	0.888291	38.6206	
