NumSteps	TimeMs	Time%	TasksNum	Tasks%	Watts	
5	10437	10.8298	272	3.64758	43.5706	
1	2419	2.51004	70	0.938715	39.0427	
