#Percentile	PrimaryRequired	PrimaryLossCnt	PrimaryAvg	PrimaryStddev	PrimaryLossAvg	PrimaryLossStddev	SecondaryOptimal	SecondaryAvg	SecondaryStddev	SecondaryLossAvg	SecondaryLossStddev	CalibrationStepsAvg	CalibrationStepsStddev	CalibrationTimeAvg	CalibrationTimeStddev	CalibrationTimePercAvg	CalibrationTimePercStddev	CalibrationTaksAvg	CalibrationTasksStddev	CalibrationTasksPercAvg	CalibrationTasksPercStddev	CalibrationWattsAvg	CalibrationWattsStddev	ReconfigurationTimeWorkersAvg	ReconfigurationTimeWorkersStddev	ReconfigurationTimeFrequencyAvg	ReconfigurationTimeFrequencyStddev	ReconfigurationTimeTotalAvg	ReconfigurationTimeTotalStddev
10	32.35875	1	33.3735	0.0	3.13593695677	0.0	456.644	414.754	0.0	0	0	9.0	0.0	30092.0	0.0	7.25539	0.0	616.0	0.0	8.25184	0.0	35.1807	0.0	0.001594	0.0	2.76797	0.0	5.44058	0.0
30	49.58125	0	47.6605	0.0	0	0	173.092	173.091	0.0	-0.0005777274513	0.0	4.0	0.0	7121.0	0.0	4.11402	0.0	226.0	0.0	3.06482	0.0	47.0531	0.0	0.00211833	0.0	4.90806	0.0	6.23572	0.0
50	66.80375	0	63.7835	0.0	0	0	120.366	131.359	0.0	9.13297775119	0.0	9.0	0.0	19625.0	0.0	14.94	0.0	749.0	0.0	10.2085	0.0	50.3995	0.0	0.001446	0.0	2.93181	0.0	5.19543	0.0
70	84.02625	0	82.0495	0.0	0	0	100.134	106.103	0.0	5.96101224359	0.0	5.0	0.0	12855.0	0.0	12.1156	0.0	438.0	0.0	5.84234	0.0	48.7267	0.0	0.00206028	0.0	0.429124	0.0	5.06636	0.0
90	101.24875	0	95.7529	0.0	0	0	83.853	99.689	0.0	18.8854304557	0.0	5.0	0.0	12405.0	0.0	12.4437	0.0	435.0	0.0	5.80232	0.0	52.1203	0.0	0.00166575	0.0	0.302511	0.0	4.81573	0.0
