NumSteps	TimeMs	Time%	TasksNum	Tasks%	Watts	
11	14631	0.950287	229	3.05456	32.4523	
