NumSteps	TimeMs	Time%	TasksNum	Tasks%	Watts	
11	14703	0.954333	224	2.99265	32.1261	
