NumSteps	TimeMs	Time%	TasksNum	Tasks%	Watts	
11	15146	0.981688	223	2.97452	30.7177	
