NumSteps	TimeMs	Time%	TasksNum	Tasks%	Watts	
5	10540	1.23986	251	3.34801	36.3974	
5	9744	1.14623	185	2.46765	43.8407	
