NumSteps	TimeMs	Time%	TasksNum	Tasks%	Watts	
5	10586	0.690787	241	3.21462	36.0537	
