NumSteps	TimeMs	Time%	TasksNum	Tasks%	Watts	
5	10368	0.676034	237	3.16126	35.9993	
