NumSteps	TimeMs	Time%	TasksNum	Tasks%	Watts	
5	10393	0.368671	235	3.13459	35.5928	
