NumSteps	TimeMs	Time%	TasksNum	Tasks%	Watts	
6	1390	0.622188	1388	1.18228	46.0206	
3	699	0.312885	764	0.650767	50.9977	
