NumSteps	TimeMs	Time%	TasksNum	Tasks%	Watts	
11	1564	4.75843	1790	9.14899	44.1581	
5	773	2.35183	712	3.63915	42.5618	
