NumSteps	TimeMs	Time%	TasksNum	Tasks%	Watts	
5	903	5.72897	1172	5.98968	42.7302	
4	502	3.18488	532	2.71886	47.6924	
