NumSteps	TimeMs	Time%	TasksNum	Tasks%	Watts	
8	1194	7.64356	1674	8.55566	52.1094	
3	528	3.38007	595	3.04099	46.7628	
