NumSteps	TimeMs	Time%	TasksNum	Tasks%	Watts	
8	1137	9.00665	1696	8.66765	54.3538	
4	508	4.02408	581	2.96929	50.7658	
3	475	3.76267	558	2.85174	50.7616	
