NumSteps	TimeMs	Time%	TasksNum	Tasks%	Watts	
6	933	7.23424	1318	6.73583	55.69	
4	498	3.86136	579	2.95906	51.708	
