NumSteps	TimeMs	Time%	TasksNum	Tasks%	Watts	
6	787	7.81374	1235	6.31197	62.1299	
5	685	6.80103	834	4.2625	53.3775	
