NumSteps	TimeMs	Time%	TasksNum	Tasks%	Watts	
6	1381	2.46612	1507	1.3072	49.1159	
1	248	0.442865	418	0.36258	74.8443	
