NumSteps	TimeMs	Time%	TasksNum	Tasks%	Watts	
6	865	8.78262	1302	6.65406	56.2587	
4	456	4.62991	579	2.95906	57.4106	
