NumSteps	TimeMs	Time%	TasksNum	Tasks%	Watts	
6	1362	2.37299	1487	1.26659	48.9672	
7	1575	2.74409	1852	1.57749	50.7074	
