NumSteps	TimeMs	Time%	TasksNum	Tasks%	Watts	
7	1028	10.7576	1704	8.70898	65.7924	
5	741	7.75429	927	4.73781	57.5734	
