NumSteps	TimeMs	Time%	TasksNum	Tasks%	Watts	
6	855	5.09505	1183	6.0462	50.2415	
3	519	3.09278	573	2.92855	45.7254	
