NumSteps	TimeMs	Time%	TasksNum	Tasks%	Watts	
7	1073	1.43451	1155	5.9037	40.4651	
5	774	1.03477	578	2.95441	37.9055	
