NumSteps	TimeMs	Time%	TasksNum	Tasks%	Watts	
6	6543	5.11284	230	3.10182	50.8063	
4	3470	2.71153	157	2.11733	60.3996	
