NumSteps	TimeMs	Time%	TasksNum	Tasks%	Watts	
6	5773	5.47219	190	2.55479	53.1121	
1	874	0.82846	64	0.860562	83.9905	
