NumSteps	TimeMs	Time%	TasksNum	Tasks%	Watts	
10	9542	10.4306	360	4.80192	54.8168	
1	869	0.949924	61	0.813659	82.5399	
