#Percentile	PrimaryRequired	PrimaryLossCnt	PrimaryAvg	PrimaryStddev	PrimaryLossAvg	PrimaryLossStddev	SecondaryOptimal	SecondaryAvg	SecondaryStddev	SecondaryLossAvg	SecondaryLossStddev	CalibrationStepsAvg	CalibrationStepsStddev	CalibrationTimeAvg	CalibrationTimeStddev	CalibrationTimePercAvg	CalibrationTimePercStddev	CalibrationTaksAvg	CalibrationTasksStddev	CalibrationTasksPercAvg	CalibrationTasksPercStddev	CalibrationWattsAvg	CalibrationWattsStddev	ReconfigurationTimeWorkersAvg	ReconfigurationTimeWorkersStddev	ReconfigurationTimeFrequencyAvg	ReconfigurationTimeFrequencyStddev	ReconfigurationTimeTotalAvg	ReconfigurationTimeTotalStddev
10	32.35875	1	33.3251	0.0	2.98636381195	0.0	456.644	393.553	0.0	0	0	5.0	0.0	8400.0	0.0	2.1344	0.0	242.0	0.0	3.22796	0.0	44.993	0.0	518.879	0.0	0.202717	0.0	522.154	0.0
30	49.58125	0	48.4985	0.0	0	0	173.092	170.818	0.0	-1.31375222425	0.0	7.0	0.0	11494.0	0.0	6.7288	0.0	461.0	0.0	6.24238	0.0	53.1217	0.0	587.264	0.0	0.412189	0.0	590.48	0.0
50	66.80375	0	66.7453	0.0	0	0	120.366	129.585	0.0	7.65913962415	0.0	5.0	0.0	8477.0	0.0	6.54165	0.0	344.0	0.0	4.5885	0.0	54.4216	0.0	615.114	0.0	0.433336	0.0	618.345	0.0
70	84.02625	0	83.7276	0.0	0	0	100.134	106.635	0.0	6.49230031757	0.0	5.0	0.0	8376.0	0.0	7.85483	0.0	359.0	0.0	4.78858	0.0	57.493	0.0	548.829	0.0	0.250289	0.0	551.879	0.0
90	101.24875	0	92.542	0.0	0	0	83.853	93.263	0.0	11.2220194865	0.0	5.0	0.0	8214.0	0.0	8.80735	0.0	362.0	0.0	4.8286	0.0	60.1668	0.0	528.235	0.0	0.183476	0.0	531.195	0.0
