#Percentile	PrimaryRequired	PrimaryLossCnt	PrimaryAvg	PrimaryStddev	PrimaryLossAvg	PrimaryLossStddev	SecondaryOptimal	SecondaryAvg	SecondaryStddev	SecondaryLossAvg	SecondaryLossStddev	CalibrationStepsAvg	CalibrationStepsStddev	CalibrationTimeAvg	CalibrationTimeStddev	CalibrationTimePercAvg	CalibrationTimePercStddev	CalibrationTaksAvg	CalibrationTasksStddev	CalibrationTasksPercAvg	CalibrationTasksPercStddev	CalibrationWattsAvg	CalibrationWattsStddev	ReconfigurationTimeWorkersAvg	ReconfigurationTimeWorkersStddev	ReconfigurationTimeFrequencyAvg	ReconfigurationTimeFrequencyStddev	ReconfigurationTimeTotalAvg	ReconfigurationTimeTotalStddev
10	26.22168	0	23.18825	0.01335	0	0	18529.8	13282.85	20.55	28.3162797224	0.110902438235	7.0	0.0	3399.5	1.5	4.896055	0.001915	121552.0	4.0	12.17135	0.01655	42.0551	0.0217	0.001171355	3.8435e-05	0.27091505	0.18249695	3.081625	0.042895
30	43.06264	0	41.2995	0.1656	0	0	48297.5	46567.65	968.25	3.58165536518	2.00476215125	6.0	1.0	3008.0	412.0	13.73625	1.88945	102707.5	19447.5	10.425755	1.789745	40.66015	1.39495	0.0012522	8.63e-06	0.341701	0.048716	2.99425	0.06504
50	59.9036	0	56.1666	0.0314	0	0	71911.4	70226.65	12.15	2.34281351775	0.0168957912097	5.0	0.0	2592.0	3.0	16.5803	0.0171	84174.5	228.5	8.41745	0.02285	39.71145	0.12145	0.00123611	1.903e-05	1.872293	1.564437	3.59911	0.69621
70	76.74456	0	73.00125	0.29235	0	0	91074.7	90596.85	281.15	0.524679191916	0.308702636407	6.5	0.5	3301.5	156.5	25.16415	1.19855	110519.5	11689.5	11.05195	1.16895	40.60705	1.34765	0.00112788	6.033e-05	1.88742	1.74492	3.570785	0.823855
90	93.58552	0	88.88835	2.01205	0	0	110314.0	105101.5	85.5	4.72514821328	0.0775060282466	6.0	1.0	3023.5	461.5	26.0505	3.3216	101895.0	18072.0	10.1895	1.8072	40.3358	0.6796	0.001130025	5.7755e-05	4.02766	0.56487	4.36643	0.42754
